-- phpMyAdmin SQL Dump
-- version 4.1.14
-- http://www.phpmyadmin.net
--
-- Host: 127.0.0.1
-- Generation Time: Jul 31, 2016 at 01:03 PM
-- Server version: 5.6.17
-- PHP Version: 5.5.12

SET SQL_MODE = "NO_AUTO_VALUE_ON_ZERO";
SET time_zone = "+00:00";


/*!40101 SET @OLD_CHARACTER_SET_CLIENT=@@CHARACTER_SET_CLIENT */;
/*!40101 SET @OLD_CHARACTER_SET_RESULTS=@@CHARACTER_SET_RESULTS */;
/*!40101 SET @OLD_COLLATION_CONNECTION=@@COLLATION_CONNECTION */;
/*!40101 SET NAMES utf8 */;

--
-- Database: `forge`
--

-- --------------------------------------------------------

--
-- Table structure for table `bookmarks`
--

CREATE TABLE IF NOT EXISTS `bookmarks` (
  `id` int(10) unsigned NOT NULL AUTO_INCREMENT,
  `user_id` int(10) unsigned NOT NULL,
  `bookmark_user_id` int(11) NOT NULL,
  `notes` varchar(255) COLLATE utf8_unicode_ci NOT NULL,
  `created_at` timestamp NOT NULL DEFAULT '0000-00-00 00:00:00',
  `updated_at` timestamp NOT NULL DEFAULT '0000-00-00 00:00:00',
  PRIMARY KEY (`id`),
  KEY `bookmarks_user_id_foreign` (`user_id`)
) ENGINE=InnoDB  DEFAULT CHARSET=utf8 COLLATE=utf8_unicode_ci AUTO_INCREMENT=3 ;

--
-- Dumping data for table `bookmarks`
--

INSERT INTO `bookmarks` (`id`, `user_id`, `bookmark_user_id`, `notes`, `created_at`, `updated_at`) VALUES
(2, 21, 49, '', '2016-07-31 03:37:50', '2016-07-31 03:37:50');

-- --------------------------------------------------------

--
-- Table structure for table `cvs`
--

CREATE TABLE IF NOT EXISTS `cvs` (
  `id` int(10) unsigned NOT NULL AUTO_INCREMENT,
  `user_id` int(10) unsigned NOT NULL,
  `First_name` char(255) COLLATE utf8_unicode_ci NOT NULL,
  `Last_name` char(255) COLLATE utf8_unicode_ci NOT NULL,
  `Furigana_name` char(255) COLLATE utf8_unicode_ci NOT NULL,
  `email` char(255) COLLATE utf8_unicode_ci NOT NULL,
  `Photo` text COLLATE utf8_unicode_ci NOT NULL,
  `Birth_date` date NOT NULL,
  `Gender` tinyint(4) NOT NULL,
  `Address` text COLLATE utf8_unicode_ci NOT NULL,
  `Contact_information` text COLLATE utf8_unicode_ci NOT NULL,
  `Phone` char(255) COLLATE utf8_unicode_ci NOT NULL,
  `Self_intro` text COLLATE utf8_unicode_ci NOT NULL,
  `Marriage` tinyint(4) NOT NULL,
  `配偶者の扶養義務` tinyint(4) NOT NULL,
  `Request` text COLLATE utf8_unicode_ci NOT NULL,
  `positions` varchar(255) COLLATE utf8_unicode_ci NOT NULL,
  `Memo` text COLLATE utf8_unicode_ci NOT NULL,
  `Active` tinyint(4) NOT NULL,
  `Status` tinyint(4) NOT NULL,
  `version` tinyint(4) NOT NULL,
  `apply_to` tinyint(4) NOT NULL,
  `notes` text COLLATE utf8_unicode_ci NOT NULL,
  `github` text COLLATE utf8_unicode_ci NOT NULL,
  `linkedin` text COLLATE utf8_unicode_ci NOT NULL,
  `created_at` timestamp NOT NULL DEFAULT '0000-00-00 00:00:00',
  `updated_at` timestamp NOT NULL DEFAULT '0000-00-00 00:00:00',
  PRIMARY KEY (`id`),
  KEY `cvs_user_id_foreign` (`user_id`)
) ENGINE=InnoDB  DEFAULT CHARSET=utf8 COLLATE=utf8_unicode_ci AUTO_INCREMENT=189 ;

--
-- Dumping data for table `cvs`
--

INSERT INTO `cvs` (`id`, `user_id`, `First_name`, `Last_name`, `Furigana_name`, `email`, `Photo`, `Birth_date`, `Gender`, `Address`, `Contact_information`, `Phone`, `Self_intro`, `Marriage`, `配偶者の扶養義務`, `Request`, `positions`, `Memo`, `Active`, `Status`, `version`, `apply_to`, `notes`, `github`, `linkedin`, `created_at`, `updated_at`) VALUES
(135, 21, 'Linh', 'Dang', '', '', '', '1994-11-02', 0, 'Cần Thơ', '', '0510 112 2041', 'Id et explicabo nobis quisquam et. Aut dicta quia veritatis eum aut. Vel corrupti labore tempore vero id tempora doloremque. Vel sed autem totam sed.', 0, 0, '', '', '', 1, 0, 0, 5, '', '', '', '0000-00-00 00:00:00', '2016-07-31 02:43:54'),
(136, 20, 'Bui', 'Ngoc', '', '', '', '1994-11-02', 1, 'Hải Phòng', '', '0186-748-8342', 'Maxime quia odit est magnam ratione non rerum sit. Aspernatur eaque occaecati voluptates molestiae perspiciatis assumenda. Beatae quod vel voluptatem cumque.', 0, 0, '', '', '', 0, 0, 0, 2, '', 'https://github.com/Omi-SonDN/rirekisho/commits/bngoc', 'https://github.com/Omi-SonDN/rirekisho/commits/bngoc', '0000-00-00 00:00:00', '2016-07-31 04:02:38'),
(137, 22, 'Việt Nghiêm', 'Ngô', '', '', '', '1994-07-02', 1, 'Hồ Chí Minh', '', '(0167)508-3558', '。', 0, 0, '', '', '', 0, 0, 0, 5, '', '', '', '0000-00-00 00:00:00', '2016-07-31 02:51:14'),
(138, 49, 'Giáp Tiền', 'Tăng', '', '', '', '1976-12-24', 1, 'Đà Nẵng', '', '(068)317-6514', '。', 0, 0, '', '', '', 0, 0, 0, 1, '', '', '', '0000-00-00 00:00:00', '2016-07-31 02:51:21'),
(139, 50, 'Thùy Cần', 'Giang', '', '', '', '1989-09-18', 1, 'Cần Thơ', '', '+84-54-456-2935', '。', 0, 0, '', '', '', 0, 0, 0, 1, '', '', '', '0000-00-00 00:00:00', '2016-07-31 02:50:54'),
(140, 51, 'Thúy Nhi', 'Lò', '', '', '', '1979-07-04', 1, 'Hồ Chí Minh', '', '0650 366 8801', '。', 0, 0, '', '', '', 0, 0, 0, 1, '', '', '', '0000-00-00 00:00:00', '2016-07-31 03:55:12'),
(141, 52, 'Chương Nguyệt', 'Lương', '', '', '', '1976-02-15', 1, 'Hồ Chí Minh', '', '0350 762 9077', '。', 0, 0, '', '', '', 0, 0, 0, 1, '', '', '', '0000-00-00 00:00:00', '2016-07-31 02:51:10'),
(142, 53, 'Kỷ Giang', 'Đào', '', '', '', '1973-02-13', 1, 'Cần Thơ', '', '84-240-032-5198', '。', 0, 0, '', '', '', 0, 0, 0, 4, '', '', '', '0000-00-00 00:00:00', '2016-07-31 02:50:48'),
(143, 54, 'Minh Tụ', 'Tòng', '', '', '', '1992-05-14', 1, 'Hà Nội', '', '0351 650 7970', '。', 0, 0, '', '', '', 0, 1, 0, 2, '', '', '', '0000-00-00 00:00:00', '2016-07-31 03:58:51'),
(144, 55, 'Nhạn Nhàn', 'Tống', '', '', '', '1991-11-01', 1, 'Hải Phòng', '', '(090)109-7755', '。', 0, 0, '', '', '', 0, 0, 0, 1, '', '', '', '0000-00-00 00:00:00', '2016-07-31 03:37:29'),
(145, 56, 'Chinh Thiện', 'Nhậm', '', '', '', '1993-09-14', 1, 'Cần Thơ', '', '0169 069 3954', '。', 0, 0, '', '', '', 0, 0, 0, 6, '', '', '', '0000-00-00 00:00:00', '2016-07-31 02:51:17'),
(146, 57, 'Toản Vinh', 'Nhữ', '', '', '', '1990-04-28', 1, 'Hải Phòng', '', '+84-39-320-3860', '。', 0, 0, '', '', '', 0, 0, 0, 4, '', '', '', '0000-00-00 00:00:00', '2016-07-31 02:51:18'),
(147, 58, 'Hảo Trà', 'Tạ', '', '', '', '1981-01-13', 1, 'Hồ Chí Minh', '', '091-018-6476', '。', 0, 0, '', '', '', 0, 0, 0, 0, '', '', '', '0000-00-00 00:00:00', '0000-00-00 00:00:00'),
(148, 59, 'Sâm Dân', 'Huỳnh', '', '', '', '1973-08-15', 1, 'Hà Nội', '', '0350 412 1590', '。', 0, 0, '', '', '', 0, 0, 0, 4, '', '', '', '0000-00-00 00:00:00', '2016-07-31 02:51:02'),
(149, 60, 'Sơn Đường', 'Cao', '', '', '', '1974-06-14', 1, 'Hải Phòng', '', '(84)(26)643-2208', '。', 0, 0, '', '', '', 0, 4, 0, 4, '', '', '', '0000-00-00 00:00:00', '2016-07-31 03:11:56'),
(150, 61, 'Giác Viên', 'Tô', '', '', '', '1988-08-02', 1, 'Hải Phòng', '', '+84-166-839-0471', '。', 0, 0, '', '', '', 0, 0, 0, 0, '', '', '', '0000-00-00 00:00:00', '0000-00-00 00:00:00'),
(151, 62, 'Trường Lan', 'Bình', '', '', '', '1992-06-20', 1, 'Cần Thơ', '', '(84)(33)614-4860', '。', 0, 0, '', '', '', 0, 12, 0, 4, '', '', '', '0000-00-00 00:00:00', '2016-07-31 03:19:04'),
(152, 63, 'Tuệ Khôi', 'Viên', '', '', '', '1971-04-08', 1, 'Hải Phòng', '', '+84-129-784-1129', '。', 0, 0, '', '', '', 0, 0, 0, 5, '', '', '', '0000-00-00 00:00:00', '2016-07-31 02:51:36'),
(153, 64, 'Ái Hảo', 'Ân', '', '', '', '1987-03-01', 1, 'Hà Nội', '', '(036) 941 9047', '。', 0, 0, '', '', '', 0, 12, 0, 4, '', '', '', '0000-00-00 00:00:00', '2016-07-31 03:58:29'),
(154, 65, 'Hường Trạch', 'Sơn', '', '', '', '1977-09-09', 1, 'Hà Nội', '', '84-99-707-4330', '。', 0, 0, '', '', '', 0, 0, 0, 5, '', '', '', '0000-00-00 00:00:00', '2016-07-31 02:51:20'),
(155, 66, 'Chi Tú', 'Nhiệm', '', '', '', '1978-06-22', 1, 'Hà Nội', '', '(84)(169)076-8048', '。', 0, 0, '', '', '', 0, 1, 0, 1, '', '', '', '0000-00-00 00:00:00', '2016-07-31 01:22:19'),
(156, 67, 'Mai Mẫn', 'Đinh', '', '', '', '1976-12-23', 1, 'Hải Phòng', '', '+84-94-357-2976', '。', 0, 0, '', '', '', 0, 0, 0, 1, '', '', '', '0000-00-00 00:00:00', '2016-07-31 02:50:51'),
(157, 68, 'Quân Thuần', 'Bảo', '', '', '', '1981-01-13', 1, 'Hà Nội', '', '(84)(95)772-9376', '。', 0, 0, '', '', '', 0, 2, 0, 6, '', '', '', '0000-00-00 00:00:00', '2016-07-31 03:19:56'),
(158, 69, 'Oanh Chung', 'Thập', '', '', '', '1970-03-19', 1, 'Hải Phòng', '', '84-164-935-3172', '。', 0, 0, '', '', '', 0, 0, 0, 5, '', '', '', '0000-00-00 00:00:00', '2016-07-31 02:51:24'),
(159, 70, 'Sinh Đan', 'Hồ', '', '', '', '1977-12-19', 1, 'Hồ Chí Minh', '', '075 748 6791', '。', 0, 0, '', '', '', 0, 0, 0, 4, '', '', '', '0000-00-00 00:00:00', '2016-07-31 02:50:57'),
(160, 71, 'Anh Điệp', 'Yên', '', '', '', '1976-09-20', 1, 'Hải Phòng', '', '(84)(98)118-9178', '。', 0, 0, '', '', '', 0, 0, 0, 4, '', '', '', '0000-00-00 00:00:00', '2016-07-31 02:51:37'),
(161, 72, 'Toàn Thơ', 'Mã', '', '', '', '1977-02-20', 1, 'Đà Nẵng', '', '(037) 483 2322', '。', 0, 0, '', '', '', 0, 0, 0, 1, '', '', '', '0000-00-00 00:00:00', '2016-07-31 02:51:09'),
(162, 73, 'Dung Tùng', 'Ca', '', '', '', '1970-10-29', 1, 'Cần Thơ', '', '0199 418 0088', '。', 0, 0, '', '', '', 0, 2, 0, 1, '', '', '', '0000-00-00 00:00:00', '2016-07-31 03:20:01'),
(163, 23, 'Lễ Xuyến', 'Bá', '', '', '', '1995-09-13', 1, 'Hồ Chí Minh', '', '84-281-404-0351', '。', 0, 0, '', '', '', 0, 3, 0, 2, '', '', '', '0000-00-00 00:00:00', '2016-07-31 03:57:20'),
(164, 24, 'Hân Thoại', 'Bàng', '', '', '', '1981-08-18', 1, 'Hà Nội', '', '0510-860-0241', '。', 0, 0, '', '', '', 0, 0, 0, 5, '', '', '', '0000-00-00 00:00:00', '2016-07-31 02:43:35'),
(165, 25, 'Cát Nhiên', 'Cam', '', '', '', '1995-09-24', 1, 'Hải Phòng', '', '067 945 9578', '。', 0, 0, '', '', '', 0, 1, 0, 1, '', '', '', '0000-00-00 00:00:00', '2016-07-31 03:54:55'),
(166, 26, 'Quân Quế', 'Tòng', '', '', '', '1972-05-08', 1, 'Hà Nội', '', '+84-72-536-4345', '。', 0, 0, '', '', '', 0, 0, 0, 1, '', '', '', '0000-00-00 00:00:00', '2016-07-31 03:59:13'),
(167, 27, 'Quyền Tuyền', 'Mang', '', '', '', '1988-01-05', 1, 'Cần Thơ', '', '(039) 160 5660', '。', 0, 0, '', '', '', 0, 0, 0, 6, '', '', '', '0000-00-00 00:00:00', '2016-07-31 02:51:13'),
(168, 28, 'Triết Lương', 'Cát', '', '', '', '1990-02-01', 1, 'Cần Thơ', '', '84-120-524-2100', '。', 0, 0, '', '', '', 0, 2, 0, 1, '', '', '', '0000-00-00 00:00:00', '2016-07-31 03:20:04'),
(169, 29, 'Lộc Hùng', 'Ca', '', '', '', '1988-06-30', 1, 'Đà Nẵng', '', '0129-810-8376', '。', 0, 0, '', '', '', 0, 0, 0, 1, '', '', '', '0000-00-00 00:00:00', '2016-07-31 03:12:31'),
(170, 30, 'Khải Sinh', 'Mạc', '', '', '', '1984-03-01', 1, 'Đà Nẵng', '', '0781-857-6621', '。', 0, 0, '', '', '', 0, 0, 0, 0, '', '', '', '0000-00-00 00:00:00', '0000-00-00 00:00:00'),
(171, 31, 'Đình Chung', 'Đào', '', '', '', '1986-09-19', 1, 'Hà Nội', '', '074 737 5189', '。', 0, 0, '', '', '', 0, 0, 0, 4, '', '', '', '0000-00-00 00:00:00', '2016-07-31 02:50:49'),
(172, 32, 'Cẩn Minh', 'Mai', '', '', '', '1975-02-09', 1, 'Hồ Chí Minh', '', '84-241-004-8115', '。', 0, 0, '', '', '', 0, 0, 0, 5, '', '', '', '0000-00-00 00:00:00', '2016-07-31 02:51:11'),
(173, 33, 'Tuệ Ái', 'Vi', '', '', '', '1988-07-29', 1, 'Hải Phòng', '', '(0163)734-9405', '。', 0, 0, '', '', '', 0, 0, 0, 4, '', '', '', '0000-00-00 00:00:00', '2016-07-31 02:51:35'),
(174, 34, 'Lân Chấn', 'Ấu', '', '', '', '1988-07-28', 1, 'Hồ Chí Minh', '', '0218-322-8946', '。', 0, 0, '', '', '', 0, 1, 0, 4, '', '', '', '0000-00-00 00:00:00', '2016-07-31 03:56:09'),
(175, 35, 'Việt Linh', 'Bồ', '', '', '', '1992-04-29', 1, 'Đà Nẵng', '', '(033) 972 7244', '。', 0, 0, '', '', '', 0, 2, 0, 4, '', '', '', '0000-00-00 00:00:00', '2016-07-31 03:19:07'),
(176, 36, 'Đào Sáng', 'Yên', '', '', '', '1990-05-05', 1, 'Hồ Chí Minh', '', '84-188-916-4858', '。', 0, 0, '', '', '', 0, 0, 0, 0, '', '', '', '0000-00-00 00:00:00', '0000-00-00 00:00:00'),
(177, 37, 'Sĩ Danh', 'Khúc', '', '', '', '1971-04-07', 1, 'Hồ Chí Minh', '', '(0650)223-7497', '。', 0, 0, '', '', '', 0, 0, 0, 1, '', '', '', '0000-00-00 00:00:00', '2016-07-31 02:51:08'),
(178, 38, 'Nhuận Phượng', 'Khoa', '', '', '', '1975-10-01', 1, 'Hải Phòng', '', '(0780) 236 8356', '。', 0, 0, '', '', '', 0, 0, 0, 1, '', '', '', '0000-00-00 00:00:00', '2016-07-31 02:51:03'),
(179, 39, 'Khiếu Danh', 'Khoa', '', '', '', '1987-05-30', 1, 'Đà Nẵng', '', '+84-218-073-6974', '。', 0, 0, '', '', '', 0, 0, 0, 0, '', '', '', '0000-00-00 00:00:00', '0000-00-00 00:00:00'),
(180, 40, 'Hiệp Hậu', 'Trần', '', '', '', '1973-09-10', 1, 'Hải Phòng', '', '(026)747-5187', '。', 0, 0, '', '', '', 0, 0, 0, 2, '', '', '', '0000-00-00 00:00:00', '2016-07-31 03:59:03'),
(181, 41, 'Hảo Phương', 'Hoa', '', '', '', '1986-10-30', 1, 'Cần Thơ', '', '020-435-5545', '。', 0, 0, '', '', '', 0, 0, 0, 1, '', '', '', '0000-00-00 00:00:00', '2016-07-31 02:51:00'),
(182, 42, 'Thảo Hiền', 'Tông', '', '', '', '1981-10-04', 1, 'Đà Nẵng', '', '+84-95-340-1286', '。', 0, 0, '', '', '', 0, 0, 0, 0, '', '', '', '0000-00-00 00:00:00', '0000-00-00 00:00:00'),
(183, 43, 'Quân Chiến', 'Âu', '', '', '', '1993-03-13', 1, 'Cần Thơ', '', '(0164)998-8255', '。', 0, 0, '', '', '', 0, 0, 0, 4, '', '', '', '0000-00-00 00:00:00', '2016-07-31 03:58:23'),
(184, 44, 'Thêu Trạch', 'Đỗ', '', '', '', '1986-06-27', 1, 'Cần Thơ', '', '84-121-755-7682', '。', 0, 0, '', '', '', 0, 0, 0, 1, '', '', '', '0000-00-00 00:00:00', '2016-07-31 02:50:52'),
(185, 45, 'Quỳnh Yên', 'Khu', '', '', '', '1981-04-15', 1, 'Hà Nội', '', '(056)792-2364', '。', 0, 0, '', '', '', 0, 0, 0, 2, '', '', '', '0000-00-00 00:00:00', '2016-07-31 03:55:33'),
(186, 46, 'Lộ Hoa', 'Hoàng', '', '', '', '1990-08-23', 1, 'Hà Nội', '', '0166 912 1026', '。', 0, 0, '', '', '', 0, 0, 0, 4, '', '', '', '0000-00-00 00:00:00', '2016-07-31 02:51:01'),
(187, 47, 'Chương Tâm', 'Hàn', '', '', '', '1978-10-15', 1, 'Đà Nẵng', '', '(0781) 832 6278', '。', 0, 0, '', '', '', 0, 0, 0, 2, '', '', '', '0000-00-00 00:00:00', '2016-07-31 03:55:40'),
(188, 48, 'Loan Hiệp', 'An', '', '', '', '1982-04-05', 1, 'Đà Nẵng', '', '(095) 689 3340', '。', 0, 0, '', '', '', 0, 1, 0, 4, '', '', '', '0000-00-00 00:00:00', '2016-07-31 03:56:06');

-- --------------------------------------------------------

--
-- Table structure for table `groups`
--

CREATE TABLE IF NOT EXISTS `groups` (
  `id` int(10) unsigned NOT NULL AUTO_INCREMENT,
  `name` varchar(255) COLLATE utf8_unicode_ci NOT NULL,
  `created_at` timestamp NOT NULL DEFAULT '0000-00-00 00:00:00',
  `updated_at` timestamp NOT NULL DEFAULT '0000-00-00 00:00:00',
  PRIMARY KEY (`id`)
) ENGINE=InnoDB  DEFAULT CHARSET=utf8 COLLATE=utf8_unicode_ci AUTO_INCREMENT=11 ;

--
-- Dumping data for table `groups`
--

INSERT INTO `groups` (`id`, `name`, `created_at`, `updated_at`) VALUES
(1, 'group 1a', '2016-06-12 05:16:55', '2016-06-12 05:19:16'),
(4, 'group 3a', '2016-06-12 09:54:09', '2016-06-12 10:53:48'),
(5, 'group test', '2016-06-12 10:31:50', '2016-06-12 10:31:50'),
(7, 'group 4', '2016-06-12 11:41:59', '2016-06-12 11:41:59'),
(8, 'group 5', '2016-06-12 11:43:13', '2016-06-12 11:43:13'),
(9, 'group 6', '2016-06-12 11:44:02', '2016-06-12 11:44:02'),
(10, 'group 2', '2016-06-12 12:03:15', '2016-06-12 12:03:15');

-- --------------------------------------------------------

--
-- Table structure for table `it_skill`
--

CREATE TABLE IF NOT EXISTS `it_skill` (
  `id` int(10) unsigned NOT NULL AUTO_INCREMENT,
  `cv_id` int(10) unsigned NOT NULL,
  `skill_type` tinyint(4) NOT NULL,
  `name` varchar(255) COLLATE utf8_unicode_ci NOT NULL,
  `study_time` int(11) NOT NULL,
  `work_time` int(11) NOT NULL,
  `created_at` timestamp NOT NULL DEFAULT '0000-00-00 00:00:00',
  `updated_at` timestamp NOT NULL DEFAULT '0000-00-00 00:00:00',
  PRIMARY KEY (`id`),
  KEY `it_skill_cv_id_foreign` (`cv_id`)
) ENGINE=InnoDB  DEFAULT CHARSET=utf8 COLLATE=utf8_unicode_ci AUTO_INCREMENT=192 ;

--
-- Dumping data for table `it_skill`
--

INSERT INTO `it_skill` (`id`, `cv_id`, `skill_type`, `name`, `study_time`, `work_time`, `created_at`, `updated_at`) VALUES
(84, 135, 0, 'french', 6, 3, '0000-00-00 00:00:00', '0000-00-00 00:00:00'),
(85, 136, 0, 'japanese', 6, 3, '0000-00-00 00:00:00', '0000-00-00 00:00:00'),
(86, 137, 0, 'english', 6, 3, '0000-00-00 00:00:00', '0000-00-00 00:00:00'),
(87, 138, 0, 'english', 6, 3, '0000-00-00 00:00:00', '0000-00-00 00:00:00'),
(88, 139, 0, 'english', 6, 3, '0000-00-00 00:00:00', '0000-00-00 00:00:00'),
(89, 140, 0, 'english', 6, 3, '0000-00-00 00:00:00', '0000-00-00 00:00:00'),
(90, 141, 0, 'french', 6, 3, '0000-00-00 00:00:00', '0000-00-00 00:00:00'),
(91, 142, 0, 'english', 6, 3, '0000-00-00 00:00:00', '0000-00-00 00:00:00'),
(92, 143, 0, 'french', 6, 3, '0000-00-00 00:00:00', '0000-00-00 00:00:00'),
(93, 144, 0, 'french', 6, 3, '0000-00-00 00:00:00', '0000-00-00 00:00:00'),
(94, 145, 0, 'chinese', 6, 3, '0000-00-00 00:00:00', '0000-00-00 00:00:00'),
(95, 146, 0, 'english', 6, 3, '0000-00-00 00:00:00', '0000-00-00 00:00:00'),
(96, 147, 0, 'chinese', 6, 3, '0000-00-00 00:00:00', '0000-00-00 00:00:00'),
(97, 148, 0, 'japanese', 6, 3, '0000-00-00 00:00:00', '0000-00-00 00:00:00'),
(98, 149, 0, 'english', 6, 3, '0000-00-00 00:00:00', '0000-00-00 00:00:00'),
(99, 150, 0, 'english', 6, 3, '0000-00-00 00:00:00', '0000-00-00 00:00:00'),
(100, 151, 0, 'japanese', 6, 3, '0000-00-00 00:00:00', '0000-00-00 00:00:00'),
(101, 152, 0, 'french', 6, 3, '0000-00-00 00:00:00', '0000-00-00 00:00:00'),
(102, 153, 0, 'chinese', 6, 3, '0000-00-00 00:00:00', '0000-00-00 00:00:00'),
(103, 154, 0, 'french', 6, 3, '0000-00-00 00:00:00', '0000-00-00 00:00:00'),
(104, 155, 0, 'english', 6, 3, '0000-00-00 00:00:00', '0000-00-00 00:00:00'),
(105, 156, 0, 'chinese', 6, 3, '0000-00-00 00:00:00', '0000-00-00 00:00:00'),
(106, 157, 0, 'english', 6, 3, '0000-00-00 00:00:00', '0000-00-00 00:00:00'),
(107, 158, 0, 'french', 6, 3, '0000-00-00 00:00:00', '0000-00-00 00:00:00'),
(108, 159, 0, 'japanese', 6, 3, '0000-00-00 00:00:00', '0000-00-00 00:00:00'),
(109, 160, 0, 'english', 6, 3, '0000-00-00 00:00:00', '0000-00-00 00:00:00'),
(110, 161, 0, 'english', 6, 3, '0000-00-00 00:00:00', '0000-00-00 00:00:00'),
(111, 162, 0, 'japanese', 6, 3, '0000-00-00 00:00:00', '0000-00-00 00:00:00'),
(112, 163, 0, 'french', 6, 3, '0000-00-00 00:00:00', '0000-00-00 00:00:00'),
(113, 164, 0, 'english', 6, 3, '0000-00-00 00:00:00', '0000-00-00 00:00:00'),
(114, 165, 0, 'french', 6, 3, '0000-00-00 00:00:00', '0000-00-00 00:00:00'),
(115, 166, 0, 'english', 6, 3, '0000-00-00 00:00:00', '0000-00-00 00:00:00'),
(116, 167, 0, 'japanese', 6, 3, '0000-00-00 00:00:00', '0000-00-00 00:00:00'),
(117, 168, 0, 'english', 6, 3, '0000-00-00 00:00:00', '0000-00-00 00:00:00'),
(118, 169, 0, 'chinese', 6, 3, '0000-00-00 00:00:00', '0000-00-00 00:00:00'),
(119, 170, 0, 'english', 6, 3, '0000-00-00 00:00:00', '0000-00-00 00:00:00'),
(120, 171, 0, 'japanese', 6, 3, '0000-00-00 00:00:00', '0000-00-00 00:00:00'),
(121, 172, 0, 'japanese', 6, 3, '0000-00-00 00:00:00', '0000-00-00 00:00:00'),
(122, 173, 0, 'chinese', 6, 3, '0000-00-00 00:00:00', '0000-00-00 00:00:00'),
(123, 174, 0, 'french', 6, 3, '0000-00-00 00:00:00', '0000-00-00 00:00:00'),
(124, 175, 0, 'french', 6, 3, '0000-00-00 00:00:00', '0000-00-00 00:00:00'),
(125, 176, 0, 'french', 6, 3, '0000-00-00 00:00:00', '0000-00-00 00:00:00'),
(126, 177, 0, 'chinese', 6, 3, '0000-00-00 00:00:00', '0000-00-00 00:00:00'),
(127, 178, 0, 'french', 6, 3, '0000-00-00 00:00:00', '0000-00-00 00:00:00'),
(128, 179, 0, 'japanese', 6, 3, '0000-00-00 00:00:00', '0000-00-00 00:00:00'),
(129, 180, 0, 'french', 6, 3, '0000-00-00 00:00:00', '0000-00-00 00:00:00'),
(130, 181, 0, 'french', 6, 3, '0000-00-00 00:00:00', '0000-00-00 00:00:00'),
(131, 182, 0, 'chinese', 6, 3, '0000-00-00 00:00:00', '0000-00-00 00:00:00'),
(132, 183, 0, 'french', 6, 3, '0000-00-00 00:00:00', '0000-00-00 00:00:00'),
(133, 184, 0, 'japanese', 6, 3, '0000-00-00 00:00:00', '0000-00-00 00:00:00'),
(134, 185, 0, 'japanese', 6, 3, '0000-00-00 00:00:00', '0000-00-00 00:00:00'),
(135, 186, 0, 'chinese', 6, 3, '0000-00-00 00:00:00', '0000-00-00 00:00:00'),
(136, 187, 0, 'french', 6, 3, '0000-00-00 00:00:00', '0000-00-00 00:00:00'),
(137, 188, 0, 'chinese', 6, 3, '0000-00-00 00:00:00', '0000-00-00 00:00:00'),
(138, 135, 1, 'Ruby', 9, 5, '0000-00-00 00:00:00', '0000-00-00 00:00:00'),
(139, 136, 1, 'PHP', 9, 5, '0000-00-00 00:00:00', '0000-00-00 00:00:00'),
(140, 137, 1, 'Java', 9, 5, '0000-00-00 00:00:00', '0000-00-00 00:00:00'),
(141, 138, 1, 'PHP', 9, 5, '0000-00-00 00:00:00', '0000-00-00 00:00:00'),
(142, 139, 1, 'Java', 9, 5, '0000-00-00 00:00:00', '0000-00-00 00:00:00'),
(143, 140, 1, 'Ruby', 9, 5, '0000-00-00 00:00:00', '0000-00-00 00:00:00'),
(144, 141, 1, 'C', 9, 5, '0000-00-00 00:00:00', '0000-00-00 00:00:00'),
(145, 142, 1, 'C', 9, 5, '0000-00-00 00:00:00', '0000-00-00 00:00:00'),
(146, 143, 1, 'Java', 9, 5, '0000-00-00 00:00:00', '0000-00-00 00:00:00'),
(147, 144, 1, 'C', 9, 5, '0000-00-00 00:00:00', '0000-00-00 00:00:00'),
(148, 145, 1, 'PHP', 9, 5, '0000-00-00 00:00:00', '0000-00-00 00:00:00'),
(149, 146, 1, 'C', 9, 5, '0000-00-00 00:00:00', '0000-00-00 00:00:00'),
(150, 147, 1, 'Ruby', 9, 5, '0000-00-00 00:00:00', '0000-00-00 00:00:00'),
(151, 148, 1, 'C', 9, 5, '0000-00-00 00:00:00', '0000-00-00 00:00:00'),
(152, 149, 1, 'Ruby', 9, 5, '0000-00-00 00:00:00', '0000-00-00 00:00:00'),
(153, 150, 1, 'PHP', 9, 5, '0000-00-00 00:00:00', '0000-00-00 00:00:00'),
(154, 151, 1, 'Ruby', 9, 5, '0000-00-00 00:00:00', '0000-00-00 00:00:00'),
(155, 152, 1, 'C', 9, 5, '0000-00-00 00:00:00', '0000-00-00 00:00:00'),
(156, 153, 1, 'C', 9, 5, '0000-00-00 00:00:00', '0000-00-00 00:00:00'),
(157, 154, 1, 'C', 9, 5, '0000-00-00 00:00:00', '0000-00-00 00:00:00'),
(158, 155, 1, 'PHP', 9, 5, '0000-00-00 00:00:00', '0000-00-00 00:00:00'),
(159, 156, 1, 'Ruby', 9, 5, '0000-00-00 00:00:00', '0000-00-00 00:00:00'),
(160, 157, 1, 'C', 9, 5, '0000-00-00 00:00:00', '0000-00-00 00:00:00'),
(161, 158, 1, 'Ruby', 9, 5, '0000-00-00 00:00:00', '0000-00-00 00:00:00'),
(162, 159, 1, 'C', 9, 5, '0000-00-00 00:00:00', '0000-00-00 00:00:00'),
(163, 160, 1, 'PHP', 9, 5, '0000-00-00 00:00:00', '0000-00-00 00:00:00'),
(164, 161, 1, 'C', 9, 5, '0000-00-00 00:00:00', '0000-00-00 00:00:00'),
(165, 162, 1, 'PHP', 9, 5, '0000-00-00 00:00:00', '0000-00-00 00:00:00'),
(166, 163, 1, 'Java', 9, 5, '0000-00-00 00:00:00', '0000-00-00 00:00:00'),
(167, 164, 1, 'PHP', 9, 5, '0000-00-00 00:00:00', '0000-00-00 00:00:00'),
(168, 165, 1, 'PHP', 9, 5, '0000-00-00 00:00:00', '0000-00-00 00:00:00'),
(169, 166, 1, 'PHP', 9, 5, '0000-00-00 00:00:00', '0000-00-00 00:00:00'),
(170, 167, 1, 'Ruby', 9, 5, '0000-00-00 00:00:00', '0000-00-00 00:00:00'),
(171, 168, 1, 'C', 9, 5, '0000-00-00 00:00:00', '0000-00-00 00:00:00'),
(172, 169, 1, 'PHP', 9, 5, '0000-00-00 00:00:00', '0000-00-00 00:00:00'),
(173, 170, 1, 'Ruby', 9, 5, '0000-00-00 00:00:00', '0000-00-00 00:00:00'),
(174, 171, 1, 'Java', 9, 5, '0000-00-00 00:00:00', '0000-00-00 00:00:00'),
(175, 172, 1, 'C', 9, 5, '0000-00-00 00:00:00', '0000-00-00 00:00:00'),
(176, 173, 1, 'Ruby', 9, 5, '0000-00-00 00:00:00', '0000-00-00 00:00:00'),
(177, 174, 1, 'PHP', 9, 5, '0000-00-00 00:00:00', '0000-00-00 00:00:00'),
(178, 175, 1, 'PHP', 9, 5, '0000-00-00 00:00:00', '0000-00-00 00:00:00'),
(179, 176, 1, 'C', 9, 5, '0000-00-00 00:00:00', '0000-00-00 00:00:00'),
(180, 177, 1, 'Java', 9, 5, '0000-00-00 00:00:00', '0000-00-00 00:00:00'),
(181, 178, 1, 'Java', 9, 5, '0000-00-00 00:00:00', '0000-00-00 00:00:00'),
(182, 179, 1, 'Java', 9, 5, '0000-00-00 00:00:00', '0000-00-00 00:00:00'),
(183, 180, 1, 'Ruby', 9, 5, '0000-00-00 00:00:00', '0000-00-00 00:00:00'),
(184, 181, 1, 'Java', 9, 5, '0000-00-00 00:00:00', '0000-00-00 00:00:00'),
(185, 182, 1, 'Ruby', 9, 5, '0000-00-00 00:00:00', '0000-00-00 00:00:00'),
(186, 183, 1, 'C', 9, 5, '0000-00-00 00:00:00', '0000-00-00 00:00:00'),
(187, 184, 1, 'PHP', 9, 5, '0000-00-00 00:00:00', '0000-00-00 00:00:00'),
(188, 185, 1, 'Ruby', 9, 5, '0000-00-00 00:00:00', '0000-00-00 00:00:00'),
(189, 186, 1, 'Ruby', 9, 5, '0000-00-00 00:00:00', '0000-00-00 00:00:00'),
(190, 187, 1, 'Java', 9, 5, '0000-00-00 00:00:00', '0000-00-00 00:00:00'),
(191, 188, 1, 'Ruby', 9, 5, '0000-00-00 00:00:00', '0000-00-00 00:00:00');

-- --------------------------------------------------------

--
-- Table structure for table `migrations`
--

CREATE TABLE IF NOT EXISTS `migrations` (
  `migration` varchar(255) COLLATE utf8_unicode_ci NOT NULL,
  `batch` int(11) NOT NULL
) ENGINE=InnoDB DEFAULT CHARSET=utf8 COLLATE=utf8_unicode_ci;

--
-- Dumping data for table `migrations`
--

INSERT INTO `migrations` (`migration`, `batch`) VALUES
('2014_10_12_000000_create_users_table', 1),
('2014_10_12_100000_create_password_resets_table', 1),
('2016_07_18_090119_add_image_to_users', 2),
('2016_07_27_081630_create_cvs_table', 3),
('2016_07_27_081636_create_records_table', 3),
('2016_07_27_081746_create_positions_table', 3),
('2016_07_27_081818_create_groups_table', 3),
('2016_07_27_081836_create_bookmarks_table', 3),
('2016_07_27_092211_create_it_skill_table', 4);
('2016_07_28_093744_add_github_linkedin_to_cvs', 4);
('2016_07_30_161137_add_description_to_positions', 4);

-- --------------------------------------------------------

--
-- Table structure for table `password_resets`
--

CREATE TABLE IF NOT EXISTS `password_resets` (
  `email` varchar(255) COLLATE utf8_unicode_ci NOT NULL,
  `token` varchar(255) COLLATE utf8_unicode_ci NOT NULL,
  `created_at` timestamp NOT NULL DEFAULT '0000-00-00 00:00:00',
  KEY `password_resets_email_index` (`email`),
  KEY `password_resets_token_index` (`token`)
) ENGINE=InnoDB DEFAULT CHARSET=utf8 COLLATE=utf8_unicode_ci;

-- --------------------------------------------------------

--
-- Table structure for table `pivot_users_groups`
--

CREATE TABLE IF NOT EXISTS `pivot_users_groups` (
  `id` int(10) unsigned NOT NULL AUTO_INCREMENT,
  `user_id` int(10) unsigned NOT NULL,
  `group_id` int(10) unsigned NOT NULL,
  PRIMARY KEY (`id`)
) ENGINE=InnoDB  DEFAULT CHARSET=utf8 COLLATE=utf8_unicode_ci AUTO_INCREMENT=24 ;

--
-- Dumping data for table `pivot_users_groups`
--

INSERT INTO `pivot_users_groups` (`id`, `user_id`, `group_id`) VALUES
(19, 14, 5),
(20, 15, 5),
(21, 12, 1),
(22, 7, 1),
(23, 6, 1);

-- --------------------------------------------------------

--
-- Table structure for table `positions`
--

CREATE TABLE IF NOT EXISTS `positions` (
  `id` int(10) unsigned NOT NULL AUTO_INCREMENT,
  `name` varchar(255) COLLATE utf8_unicode_ci NOT NULL,
  `active` tinyint(4) NOT NULL,
  `description` text COLLATE utf8_unicode_ci NOT NULL,
  `created_at` timestamp NOT NULL DEFAULT '0000-00-00 00:00:00',
  `updated_at` timestamp NOT NULL DEFAULT '0000-00-00 00:00:00',
  PRIMARY KEY (`id`)
) ENGINE=InnoDB  DEFAULT CHARSET=utf8 COLLATE=utf8_unicode_ci AUTO_INCREMENT=25 ;

--
-- Dumping data for table `positions`
--

INSERT INTO `positions` (`id`, `name`, `active`, `description`, `created_at`, `updated_at`) VALUES
(1, 'Vị trí 1', 1, '123456', '0000-00-00 00:00:00', '2016-07-30 09:20:02'),
(2, 'vi tri 2', 0, '', '2016-06-08 06:06:18', '2016-06-08 07:31:53'),
(3, 'vi tri 3', 0, '', '2016-06-08 06:39:52', '2016-06-08 10:29:02'),
(4, 'vi tri 4', 1, '', '2016-06-08 07:14:27', '2016-06-08 07:14:27'),
(5, 'vi tri 5', 1, '', '2016-06-08 07:14:35', '2016-06-08 07:15:46'),
(6, 'vi tri 6 ', 1, '', '2016-06-08 07:16:36', '2016-06-08 10:28:29'),
(24, 'Khong xac dinh', 1, '', '0000-00-00 00:00:00', '0000-00-00 00:00:00');

-- --------------------------------------------------------

--
-- Table structure for table `records`
--

CREATE TABLE IF NOT EXISTS `records` (
  `id` int(10) unsigned NOT NULL AUTO_INCREMENT,
  `cv_id` int(10) unsigned NOT NULL,
  `Content` varchar(255) COLLATE utf8_unicode_ci NOT NULL,
  `Date` date NOT NULL,
  `Type` tinyint(3) unsigned NOT NULL,
  `created_at` timestamp NOT NULL DEFAULT '0000-00-00 00:00:00',
  `updated_at` timestamp NOT NULL DEFAULT '0000-00-00 00:00:00',
  PRIMARY KEY (`id`),
  KEY `records_cv_id_foreign` (`cv_id`)
) ENGINE=InnoDB  DEFAULT CHARSET=utf8 COLLATE=utf8_unicode_ci AUTO_INCREMENT=501 ;

--
-- Dumping data for table `records`
--

INSERT INTO `records` (`id`, `cv_id`, `Content`, `Date`, `Type`, `created_at`, `updated_at`) VALUES
(285, 135, 'Đại học XXX - Hồ Chí Minh', '2012-11-03', 0, '0000-00-00 00:00:00', '0000-00-00 00:00:00'),
(286, 136, 'Đại học XXX - Cần Thơ', '2012-11-03', 0, '0000-00-00 00:00:00', '0000-00-00 00:00:00'),
(287, 137, 'Đại học XXX - Hồ Chí Minh', '2012-11-03', 0, '0000-00-00 00:00:00', '0000-00-00 00:00:00'),
(288, 138, 'Đại học XXX - Hồ Chí Minh', '2012-11-03', 0, '0000-00-00 00:00:00', '0000-00-00 00:00:00'),
(289, 139, 'Đại học XXX - Hồ Chí Minh', '2012-11-03', 0, '0000-00-00 00:00:00', '0000-00-00 00:00:00'),
(290, 140, 'Đại học XXX - Đà Nẵng', '2012-11-03', 0, '0000-00-00 00:00:00', '0000-00-00 00:00:00'),
(291, 141, 'Đại học XXX - Hồ Chí Minh', '2012-11-03', 0, '0000-00-00 00:00:00', '0000-00-00 00:00:00'),
(292, 142, 'Đại học XXX - Hồ Chí Minh', '2012-11-03', 0, '0000-00-00 00:00:00', '0000-00-00 00:00:00'),
(293, 143, 'Đại học XXX - Hà Nội', '2012-11-03', 0, '0000-00-00 00:00:00', '0000-00-00 00:00:00'),
(294, 144, 'Đại học XXX - Cần Thơ', '2012-11-03', 0, '0000-00-00 00:00:00', '0000-00-00 00:00:00'),
(295, 145, 'Đại học XXX - Đà Nẵng', '2012-11-03', 0, '0000-00-00 00:00:00', '0000-00-00 00:00:00'),
(296, 146, 'Đại học XXX - Hải Phòng', '2012-11-03', 0, '0000-00-00 00:00:00', '0000-00-00 00:00:00'),
(297, 147, 'Đại học XXX - Cần Thơ', '2012-11-03', 0, '0000-00-00 00:00:00', '0000-00-00 00:00:00'),
(298, 148, 'Đại học XXX - Hải Phòng', '2012-11-03', 0, '0000-00-00 00:00:00', '0000-00-00 00:00:00'),
(299, 149, 'Đại học XXX - Hải Phòng', '2012-11-03', 0, '0000-00-00 00:00:00', '0000-00-00 00:00:00'),
(300, 150, 'Đại học XXX - Hải Phòng', '2012-11-03', 0, '0000-00-00 00:00:00', '0000-00-00 00:00:00'),
(301, 151, 'Đại học XXX - Hồ Chí Minh', '2012-11-03', 0, '0000-00-00 00:00:00', '0000-00-00 00:00:00'),
(302, 152, 'Đại học XXX - Cần Thơ', '2012-11-03', 0, '0000-00-00 00:00:00', '0000-00-00 00:00:00'),
(303, 153, 'Đại học XXX - Hà Nội', '2012-11-03', 0, '0000-00-00 00:00:00', '0000-00-00 00:00:00'),
(304, 154, 'Đại học XXX - Hải Phòng', '2012-11-03', 0, '0000-00-00 00:00:00', '0000-00-00 00:00:00'),
(305, 155, 'Đại học XXX - Đà Nẵng', '2012-11-03', 0, '0000-00-00 00:00:00', '0000-00-00 00:00:00'),
(306, 156, 'Đại học XXX - Hà Nội', '2012-11-03', 0, '0000-00-00 00:00:00', '0000-00-00 00:00:00'),
(307, 157, 'Đại học XXX - Cần Thơ', '2012-11-03', 0, '0000-00-00 00:00:00', '0000-00-00 00:00:00'),
(308, 158, 'Đại học XXX - Hải Phòng', '2012-11-03', 0, '0000-00-00 00:00:00', '0000-00-00 00:00:00'),
(309, 159, 'Đại học XXX - Hà Nội', '2012-11-03', 0, '0000-00-00 00:00:00', '0000-00-00 00:00:00'),
(310, 160, 'Đại học XXX - Đà Nẵng', '2012-11-03', 0, '0000-00-00 00:00:00', '0000-00-00 00:00:00'),
(311, 161, 'Đại học XXX - Đà Nẵng', '2012-11-03', 0, '0000-00-00 00:00:00', '0000-00-00 00:00:00'),
(312, 162, 'Đại học XXX - Hà Nội', '2012-11-03', 0, '0000-00-00 00:00:00', '0000-00-00 00:00:00'),
(313, 163, 'Đại học XXX - Đà Nẵng', '2012-11-03', 0, '0000-00-00 00:00:00', '0000-00-00 00:00:00'),
(314, 164, 'Đại học XXX - Hồ Chí Minh', '2012-11-03', 0, '0000-00-00 00:00:00', '0000-00-00 00:00:00'),
(315, 165, 'Đại học XXX - Đà Nẵng', '2012-11-03', 0, '0000-00-00 00:00:00', '0000-00-00 00:00:00'),
(316, 166, 'Đại học XXX - Hồ Chí Minh', '2012-11-03', 0, '0000-00-00 00:00:00', '0000-00-00 00:00:00'),
(317, 167, 'Đại học XXX - Hà Nội', '2012-11-03', 0, '0000-00-00 00:00:00', '0000-00-00 00:00:00'),
(318, 168, 'Đại học XXX - Hồ Chí Minh', '2012-11-03', 0, '0000-00-00 00:00:00', '0000-00-00 00:00:00'),
(319, 169, 'Đại học XXX - Cần Thơ', '2012-11-03', 0, '0000-00-00 00:00:00', '0000-00-00 00:00:00'),
(320, 170, 'Đại học XXX - Hồ Chí Minh', '2012-11-03', 0, '0000-00-00 00:00:00', '0000-00-00 00:00:00'),
(321, 171, 'Đại học XXX - Cần Thơ', '2012-11-03', 0, '0000-00-00 00:00:00', '0000-00-00 00:00:00'),
(322, 172, 'Đại học XXX - Đà Nẵng', '2012-11-03', 0, '0000-00-00 00:00:00', '0000-00-00 00:00:00'),
(323, 173, 'Đại học XXX - Hồ Chí Minh', '2012-11-03', 0, '0000-00-00 00:00:00', '0000-00-00 00:00:00'),
(324, 174, 'Đại học XXX - Hà Nội', '2012-11-03', 0, '0000-00-00 00:00:00', '0000-00-00 00:00:00'),
(325, 175, 'Đại học XXX - Hồ Chí Minh', '2012-11-03', 0, '0000-00-00 00:00:00', '0000-00-00 00:00:00'),
(326, 176, 'Đại học XXX - Hồ Chí Minh', '2012-11-03', 0, '0000-00-00 00:00:00', '0000-00-00 00:00:00'),
(327, 177, 'Đại học XXX - Hà Nội', '2012-11-03', 0, '0000-00-00 00:00:00', '0000-00-00 00:00:00'),
(328, 178, 'Đại học XXX - Cần Thơ', '2012-11-03', 0, '0000-00-00 00:00:00', '0000-00-00 00:00:00'),
(329, 179, 'Đại học XXX - Hà Nội', '2012-11-03', 0, '0000-00-00 00:00:00', '0000-00-00 00:00:00'),
(330, 180, 'Đại học XXX - Hà Nội', '2012-11-03', 0, '0000-00-00 00:00:00', '0000-00-00 00:00:00'),
(331, 181, 'Đại học XXX - Hải Phòng', '2012-11-03', 0, '0000-00-00 00:00:00', '0000-00-00 00:00:00'),
(332, 182, 'Đại học XXX - Đà Nẵng', '2012-11-03', 0, '0000-00-00 00:00:00', '0000-00-00 00:00:00'),
(333, 183, 'Đại học XXX - Hà Nội', '2012-11-03', 0, '0000-00-00 00:00:00', '0000-00-00 00:00:00'),
(334, 184, 'Đại học XXX - Hồ Chí Minh', '2012-11-03', 0, '0000-00-00 00:00:00', '0000-00-00 00:00:00'),
(335, 185, 'Đại học XXX - Cần Thơ', '2012-11-03', 0, '0000-00-00 00:00:00', '0000-00-00 00:00:00'),
(336, 186, 'Đại học XXX - Hà Nội', '2012-11-03', 0, '0000-00-00 00:00:00', '0000-00-00 00:00:00'),
(337, 187, 'Đại học XXX - Hải Phòng', '2012-11-03', 0, '0000-00-00 00:00:00', '0000-00-00 00:00:00'),
(338, 188, 'Đại học XXX - Hà Nội', '2012-11-03', 0, '0000-00-00 00:00:00', '0000-00-00 00:00:00'),
(339, 135, 'Công ty Trúc Giáp - Hải Phòng', '2012-12-07', 1, '0000-00-00 00:00:00', '0000-00-00 00:00:00'),
(340, 136, 'Công ty Tấn Định - Hà Nội', '2012-12-07', 1, '0000-00-00 00:00:00', '0000-00-00 00:00:00'),
(341, 137, 'Công ty Kỷ Khánh - Hà Nội', '2012-12-07', 1, '0000-00-00 00:00:00', '0000-00-00 00:00:00'),
(342, 138, 'Công ty Nghiệp Đường - Hà Nội', '2012-12-07', 1, '0000-00-00 00:00:00', '0000-00-00 00:00:00'),
(343, 139, 'Công ty Cát Hòa - Cần Thơ', '2012-12-07', 1, '0000-00-00 00:00:00', '0000-00-00 00:00:00'),
(344, 140, 'Công ty Thái Hoán - Hồ Chí Minh', '2012-12-07', 1, '0000-00-00 00:00:00', '0000-00-00 00:00:00'),
(345, 141, 'Công ty Chính Tâm - Đà Nẵng', '2012-12-07', 1, '0000-00-00 00:00:00', '0000-00-00 00:00:00'),
(346, 142, 'Công ty Giao Thạch - Đà Nẵng', '2012-12-07', 1, '0000-00-00 00:00:00', '0000-00-00 00:00:00'),
(347, 143, 'Công ty Xuân Thọ - Hải Phòng', '2012-12-07', 1, '0000-00-00 00:00:00', '0000-00-00 00:00:00'),
(348, 144, 'Công ty Vỹ Nữ - Hà Nội', '2012-12-07', 1, '0000-00-00 00:00:00', '0000-00-00 00:00:00'),
(349, 145, 'Công ty Phong Chính - Đà Nẵng', '2012-12-07', 1, '0000-00-00 00:00:00', '0000-00-00 00:00:00'),
(350, 146, 'Công ty Hằng Quế - Cần Thơ', '2012-12-07', 1, '0000-00-00 00:00:00', '0000-00-00 00:00:00'),
(351, 147, 'Công ty Châu Thi - Hải Phòng', '2012-12-07', 1, '0000-00-00 00:00:00', '0000-00-00 00:00:00'),
(352, 148, 'Công ty Ca Việt - Cần Thơ', '2012-12-07', 1, '0000-00-00 00:00:00', '0000-00-00 00:00:00'),
(353, 149, 'Công ty Viên Lộc - Hồ Chí Minh', '2012-12-07', 1, '0000-00-00 00:00:00', '0000-00-00 00:00:00'),
(354, 150, 'Công ty Việt Ca - Hồ Chí Minh', '2012-12-07', 1, '0000-00-00 00:00:00', '0000-00-00 00:00:00'),
(355, 151, 'Công ty Lực Hậu - Đà Nẵng', '2012-12-07', 1, '0000-00-00 00:00:00', '0000-00-00 00:00:00'),
(356, 152, 'Công ty Phượng Huynh - Cần Thơ', '2012-12-07', 1, '0000-00-00 00:00:00', '0000-00-00 00:00:00'),
(357, 153, 'Công ty Tiếp Chiêu - Hà Nội', '2012-12-07', 1, '0000-00-00 00:00:00', '0000-00-00 00:00:00'),
(358, 154, 'Công ty Luận An - Hồ Chí Minh', '2012-12-07', 1, '0000-00-00 00:00:00', '0000-00-00 00:00:00'),
(359, 155, 'Công ty Nga Huyền - Hà Nội', '2012-12-07', 1, '0000-00-00 00:00:00', '0000-00-00 00:00:00'),
(360, 156, 'Công ty Toản Huy - Đà Nẵng', '2012-12-07', 1, '0000-00-00 00:00:00', '0000-00-00 00:00:00'),
(361, 157, 'Công ty Tuyền Bảo - Hồ Chí Minh', '2012-12-07', 1, '0000-00-00 00:00:00', '0000-00-00 00:00:00'),
(362, 158, 'Công ty Phong Lai - Hải Phòng', '2012-12-07', 1, '0000-00-00 00:00:00', '0000-00-00 00:00:00'),
(363, 159, 'Công ty Trân Trân - Hồ Chí Minh', '2012-12-07', 1, '0000-00-00 00:00:00', '0000-00-00 00:00:00'),
(364, 160, 'Công ty Chiến Quyền - Hải Phòng', '2012-12-07', 1, '0000-00-00 00:00:00', '0000-00-00 00:00:00'),
(365, 161, 'Công ty Quý Hiển - Cần Thơ', '2012-12-07', 1, '0000-00-00 00:00:00', '0000-00-00 00:00:00'),
(366, 162, 'Công ty Ái Châu - Đà Nẵng', '2012-12-07', 1, '0000-00-00 00:00:00', '0000-00-00 00:00:00'),
(367, 163, 'Công ty Quyền Lý - Cần Thơ', '2012-12-07', 1, '0000-00-00 00:00:00', '0000-00-00 00:00:00'),
(368, 164, 'Công ty Thông Bình - Hải Phòng', '2012-12-07', 1, '0000-00-00 00:00:00', '0000-00-00 00:00:00'),
(369, 165, 'Công ty Quốc Kỳ - Hải Phòng', '2012-12-07', 1, '0000-00-00 00:00:00', '0000-00-00 00:00:00'),
(370, 166, 'Công ty Di Hậu - Hà Nội', '2012-12-07', 1, '0000-00-00 00:00:00', '0000-00-00 00:00:00'),
(371, 167, 'Công ty Quốc Trà - Cần Thơ', '2012-12-07', 1, '0000-00-00 00:00:00', '0000-00-00 00:00:00'),
(372, 168, 'Công ty Hoài Thanh - Hồ Chí Minh', '2012-12-07', 1, '0000-00-00 00:00:00', '0000-00-00 00:00:00'),
(373, 169, 'Công ty Dũng Pháp - Hà Nội', '2012-12-07', 1, '0000-00-00 00:00:00', '0000-00-00 00:00:00'),
(374, 170, 'Công ty Tú Châu - Hồ Chí Minh', '2012-12-07', 1, '0000-00-00 00:00:00', '0000-00-00 00:00:00'),
(375, 171, 'Công ty Thiện Vĩ - Đà Nẵng', '2012-12-07', 1, '0000-00-00 00:00:00', '0000-00-00 00:00:00'),
(376, 172, 'Công ty Đan Ái - Hà Nội', '2012-12-07', 1, '0000-00-00 00:00:00', '0000-00-00 00:00:00'),
(377, 173, 'Công ty Quốc Sinh - Hải Phòng', '2012-12-07', 1, '0000-00-00 00:00:00', '0000-00-00 00:00:00'),
(378, 174, 'Công ty Trực Lực - Cần Thơ', '2012-12-07', 1, '0000-00-00 00:00:00', '0000-00-00 00:00:00'),
(379, 175, 'Công ty Thu Cảnh - Hồ Chí Minh', '2012-12-07', 1, '0000-00-00 00:00:00', '0000-00-00 00:00:00'),
(380, 176, 'Công ty Vịnh Đạt - Hồ Chí Minh', '2012-12-07', 1, '0000-00-00 00:00:00', '0000-00-00 00:00:00'),
(381, 177, 'Công ty Thạch Nguyệt - Đà Nẵng', '2012-12-07', 1, '0000-00-00 00:00:00', '0000-00-00 00:00:00'),
(382, 178, 'Công ty Tuyến Thi - Hải Phòng', '2012-12-07', 1, '0000-00-00 00:00:00', '0000-00-00 00:00:00'),
(383, 179, 'Công ty Dao An - Đà Nẵng', '2012-12-07', 1, '0000-00-00 00:00:00', '0000-00-00 00:00:00'),
(384, 180, 'Công ty Yến Duyên - Hồ Chí Minh', '2012-12-07', 1, '0000-00-00 00:00:00', '0000-00-00 00:00:00'),
(385, 181, 'Công ty Phụng Lý - Hồ Chí Minh', '2012-12-07', 1, '0000-00-00 00:00:00', '0000-00-00 00:00:00'),
(386, 182, 'Công ty Nghiệp Đan - Hà Nội', '2012-12-07', 1, '0000-00-00 00:00:00', '0000-00-00 00:00:00'),
(387, 183, 'Công ty Kha My - Hồ Chí Minh', '2012-12-07', 1, '0000-00-00 00:00:00', '0000-00-00 00:00:00'),
(388, 184, 'Công ty Tụ Đạo - Hồ Chí Minh', '2012-12-07', 1, '0000-00-00 00:00:00', '0000-00-00 00:00:00'),
(389, 185, 'Công ty Lai Ngôn - Hà Nội', '2012-12-07', 1, '0000-00-00 00:00:00', '0000-00-00 00:00:00'),
(390, 186, 'Công ty Giao Bửu - Cần Thơ', '2012-12-07', 1, '0000-00-00 00:00:00', '0000-00-00 00:00:00'),
(391, 187, 'Công ty Hiển Hội - Cần Thơ', '2012-12-07', 1, '0000-00-00 00:00:00', '0000-00-00 00:00:00'),
(392, 188, 'Công ty Nghĩa Thành - Hà Nội', '2012-12-07', 1, '0000-00-00 00:00:00', '0000-00-00 00:00:00'),
(393, 135, 'Công ty Lễ Thi - Cần Thơ', '2014-04-17', 1, '0000-00-00 00:00:00', '0000-00-00 00:00:00'),
(394, 136, 'Công ty Thy Thiên - Đà Nẵng', '2014-04-17', 1, '0000-00-00 00:00:00', '0000-00-00 00:00:00'),
(395, 137, 'Công ty Vịnh Điền - Cần Thơ', '2014-04-17', 1, '0000-00-00 00:00:00', '0000-00-00 00:00:00'),
(396, 138, 'Công ty Kiện Kiếm - Cần Thơ', '2014-04-17', 1, '0000-00-00 00:00:00', '0000-00-00 00:00:00'),
(397, 139, 'Công ty Sâm Hoàng - Hồ Chí Minh', '2014-04-17', 1, '0000-00-00 00:00:00', '0000-00-00 00:00:00'),
(398, 140, 'Công ty Ngà Khê - Đà Nẵng', '2014-04-17', 1, '0000-00-00 00:00:00', '0000-00-00 00:00:00'),
(399, 141, 'Công ty Học Lam - Đà Nẵng', '2014-04-17', 1, '0000-00-00 00:00:00', '0000-00-00 00:00:00'),
(400, 142, 'Công ty Xuân Hiếu - Hà Nội', '2014-04-17', 1, '0000-00-00 00:00:00', '0000-00-00 00:00:00'),
(401, 143, 'Công ty Di Khiếu - Hồ Chí Minh', '2014-04-17', 1, '0000-00-00 00:00:00', '0000-00-00 00:00:00'),
(402, 144, 'Công ty Ty Hòa - Hà Nội', '2014-04-17', 1, '0000-00-00 00:00:00', '0000-00-00 00:00:00'),
(403, 145, 'Công ty Khanh Hồng - Hà Nội', '2014-04-17', 1, '0000-00-00 00:00:00', '0000-00-00 00:00:00'),
(404, 146, 'Công ty Công Ngôn - Hồ Chí Minh', '2014-04-17', 1, '0000-00-00 00:00:00', '0000-00-00 00:00:00'),
(405, 147, 'Công ty Vy Nghị - Cần Thơ', '2014-04-17', 1, '0000-00-00 00:00:00', '0000-00-00 00:00:00'),
(406, 148, 'Công ty Quyết Yên - Hồ Chí Minh', '2014-04-17', 1, '0000-00-00 00:00:00', '0000-00-00 00:00:00'),
(407, 149, 'Công ty Chấn Sơn - Đà Nẵng', '2014-04-17', 1, '0000-00-00 00:00:00', '0000-00-00 00:00:00'),
(408, 150, 'Công ty Trác Nguyên - Đà Nẵng', '2014-04-17', 1, '0000-00-00 00:00:00', '0000-00-00 00:00:00'),
(409, 151, 'Công ty Khanh Sáng - Cần Thơ', '2014-04-17', 1, '0000-00-00 00:00:00', '0000-00-00 00:00:00'),
(410, 152, 'Công ty Trung Hòa - Hồ Chí Minh', '2014-04-17', 1, '0000-00-00 00:00:00', '0000-00-00 00:00:00'),
(411, 153, 'Công ty Ly Giang - Cần Thơ', '2014-04-17', 1, '0000-00-00 00:00:00', '0000-00-00 00:00:00'),
(412, 154, 'Công ty Tụ Cầm - Hà Nội', '2014-04-17', 1, '0000-00-00 00:00:00', '0000-00-00 00:00:00'),
(413, 155, 'Công ty Nhiên Thụy - Hà Nội', '2014-04-17', 1, '0000-00-00 00:00:00', '0000-00-00 00:00:00'),
(414, 156, 'Công ty Loan Dụng - Đà Nẵng', '2014-04-17', 1, '0000-00-00 00:00:00', '0000-00-00 00:00:00'),
(415, 157, 'Công ty Danh Dũng - Hải Phòng', '2014-04-17', 1, '0000-00-00 00:00:00', '0000-00-00 00:00:00'),
(416, 158, 'Công ty My Nhạn - Cần Thơ', '2014-04-17', 1, '0000-00-00 00:00:00', '0000-00-00 00:00:00'),
(417, 159, 'Công ty Anh Hoán - Đà Nẵng', '2014-04-17', 1, '0000-00-00 00:00:00', '0000-00-00 00:00:00'),
(418, 160, 'Công ty Duyên Khanh - Hải Phòng', '2014-04-17', 1, '0000-00-00 00:00:00', '0000-00-00 00:00:00'),
(419, 161, 'Công ty Hào Yên - Hà Nội', '2014-04-17', 1, '0000-00-00 00:00:00', '0000-00-00 00:00:00'),
(420, 162, 'Công ty Nam Uyển - Cần Thơ', '2014-04-17', 1, '0000-00-00 00:00:00', '0000-00-00 00:00:00'),
(421, 163, 'Công ty Lợi Điệp - Hồ Chí Minh', '2014-04-17', 1, '0000-00-00 00:00:00', '0000-00-00 00:00:00'),
(422, 164, 'Công ty Bổng Thêu - Hải Phòng', '2014-04-17', 1, '0000-00-00 00:00:00', '0000-00-00 00:00:00'),
(423, 165, 'Công ty Định Trạch - Đà Nẵng', '2014-04-17', 1, '0000-00-00 00:00:00', '0000-00-00 00:00:00'),
(424, 166, 'Công ty Thái Thy - Hà Nội', '2014-04-17', 1, '0000-00-00 00:00:00', '0000-00-00 00:00:00'),
(425, 167, 'Công ty Hợp Diệu - Hồ Chí Minh', '2014-04-17', 1, '0000-00-00 00:00:00', '0000-00-00 00:00:00'),
(426, 168, 'Công ty Trầm Thư - Hải Phòng', '2014-04-17', 1, '0000-00-00 00:00:00', '0000-00-00 00:00:00'),
(427, 169, 'Công ty Quý Văn - Hải Phòng', '2014-04-17', 1, '0000-00-00 00:00:00', '0000-00-00 00:00:00'),
(428, 170, 'Công ty Trường Giang - Hồ Chí Minh', '2014-04-17', 1, '0000-00-00 00:00:00', '0000-00-00 00:00:00'),
(429, 171, 'Công ty Nhật Tín - Hà Nội', '2014-04-17', 1, '0000-00-00 00:00:00', '0000-00-00 00:00:00'),
(430, 172, 'Công ty Du Lễ - Đà Nẵng', '2014-04-17', 1, '0000-00-00 00:00:00', '0000-00-00 00:00:00'),
(431, 173, 'Công ty Tuyền Sương - Hải Phòng', '2014-04-17', 1, '0000-00-00 00:00:00', '0000-00-00 00:00:00'),
(432, 174, 'Công ty Định Dân - Đà Nẵng', '2014-04-17', 1, '0000-00-00 00:00:00', '0000-00-00 00:00:00'),
(433, 175, 'Công ty Đại Tú - Đà Nẵng', '2014-04-17', 1, '0000-00-00 00:00:00', '0000-00-00 00:00:00'),
(434, 176, 'Công ty Trung Lâm - Hà Nội', '2014-04-17', 1, '0000-00-00 00:00:00', '0000-00-00 00:00:00'),
(435, 177, 'Công ty Quỳnh Chinh - Hà Nội', '2014-04-17', 1, '0000-00-00 00:00:00', '0000-00-00 00:00:00'),
(436, 178, 'Công ty Danh Ngọc - Hồ Chí Minh', '2014-04-17', 1, '0000-00-00 00:00:00', '0000-00-00 00:00:00'),
(437, 179, 'Công ty Lan Trúc - Hồ Chí Minh', '2014-04-17', 1, '0000-00-00 00:00:00', '0000-00-00 00:00:00'),
(438, 180, 'Công ty Toại Sĩ - Hồ Chí Minh', '2014-04-17', 1, '0000-00-00 00:00:00', '0000-00-00 00:00:00'),
(439, 181, 'Công ty Giang Tuấn - Hà Nội', '2014-04-17', 1, '0000-00-00 00:00:00', '0000-00-00 00:00:00'),
(440, 182, 'Công ty Quốc Hiển - Đà Nẵng', '2014-04-17', 1, '0000-00-00 00:00:00', '0000-00-00 00:00:00'),
(441, 183, 'Công ty Lam Diệu - Hồ Chí Minh', '2014-04-17', 1, '0000-00-00 00:00:00', '0000-00-00 00:00:00'),
(442, 184, 'Công ty Tuyến Trác - Hà Nội', '2014-04-17', 1, '0000-00-00 00:00:00', '0000-00-00 00:00:00'),
(443, 185, 'Công ty Quảng Thúy - Hải Phòng', '2014-04-17', 1, '0000-00-00 00:00:00', '0000-00-00 00:00:00'),
(444, 186, 'Công ty Hiếu Việt - Hà Nội', '2014-04-17', 1, '0000-00-00 00:00:00', '0000-00-00 00:00:00'),
(445, 187, 'Công ty Hồng Diệu - Đà Nẵng', '2014-04-17', 1, '0000-00-00 00:00:00', '0000-00-00 00:00:00'),
(446, 188, 'Công ty Nguyên Lý - Hải Phòng', '2014-04-17', 1, '0000-00-00 00:00:00', '0000-00-00 00:00:00'),
(447, 135, 'Hồ Chí Minh', '2012-12-07', 2, '0000-00-00 00:00:00', '0000-00-00 00:00:00'),
(448, 136, 'Hồ Chí Minh', '2012-12-07', 2, '0000-00-00 00:00:00', '0000-00-00 00:00:00'),
(449, 137, 'Hà Nội', '2012-12-07', 2, '0000-00-00 00:00:00', '0000-00-00 00:00:00'),
(450, 138, 'Hồ Chí Minh', '2012-12-07', 2, '0000-00-00 00:00:00', '0000-00-00 00:00:00'),
(451, 139, 'Hải Phòng', '2012-12-07', 2, '0000-00-00 00:00:00', '0000-00-00 00:00:00'),
(452, 140, 'Hải Phòng', '2012-12-07', 2, '0000-00-00 00:00:00', '0000-00-00 00:00:00'),
(453, 141, 'Cần Thơ', '2012-12-07', 2, '0000-00-00 00:00:00', '0000-00-00 00:00:00'),
(454, 142, 'Đà Nẵng', '2012-12-07', 2, '0000-00-00 00:00:00', '0000-00-00 00:00:00'),
(455, 143, 'Hà Nội', '2012-12-07', 2, '0000-00-00 00:00:00', '0000-00-00 00:00:00'),
(456, 144, 'Hà Nội', '2012-12-07', 2, '0000-00-00 00:00:00', '0000-00-00 00:00:00'),
(457, 145, 'Hà Nội', '2012-12-07', 2, '0000-00-00 00:00:00', '0000-00-00 00:00:00'),
(458, 146, 'Hồ Chí Minh', '2012-12-07', 2, '0000-00-00 00:00:00', '0000-00-00 00:00:00'),
(459, 147, 'Đà Nẵng', '2012-12-07', 2, '0000-00-00 00:00:00', '0000-00-00 00:00:00'),
(460, 148, 'Hải Phòng', '2012-12-07', 2, '0000-00-00 00:00:00', '0000-00-00 00:00:00'),
(461, 149, 'Cần Thơ', '2012-12-07', 2, '0000-00-00 00:00:00', '0000-00-00 00:00:00'),
(462, 150, 'Đà Nẵng', '2012-12-07', 2, '0000-00-00 00:00:00', '0000-00-00 00:00:00'),
(463, 151, 'Đà Nẵng', '2012-12-07', 2, '0000-00-00 00:00:00', '0000-00-00 00:00:00'),
(464, 152, 'Hải Phòng', '2012-12-07', 2, '0000-00-00 00:00:00', '0000-00-00 00:00:00'),
(465, 153, 'Cần Thơ', '2012-12-07', 2, '0000-00-00 00:00:00', '0000-00-00 00:00:00'),
(466, 154, 'Hà Nội', '2012-12-07', 2, '0000-00-00 00:00:00', '0000-00-00 00:00:00'),
(467, 155, 'Hồ Chí Minh', '2012-12-07', 2, '0000-00-00 00:00:00', '0000-00-00 00:00:00'),
(468, 156, 'Hồ Chí Minh', '2012-12-07', 2, '0000-00-00 00:00:00', '0000-00-00 00:00:00'),
(469, 157, 'Hải Phòng', '2012-12-07', 2, '0000-00-00 00:00:00', '0000-00-00 00:00:00'),
(470, 158, 'Hà Nội', '2012-12-07', 2, '0000-00-00 00:00:00', '0000-00-00 00:00:00'),
(471, 159, 'Đà Nẵng', '2012-12-07', 2, '0000-00-00 00:00:00', '0000-00-00 00:00:00'),
(472, 160, 'Hà Nội', '2012-12-07', 2, '0000-00-00 00:00:00', '0000-00-00 00:00:00'),
(473, 161, 'Hà Nội', '2012-12-07', 2, '0000-00-00 00:00:00', '0000-00-00 00:00:00'),
(474, 162, 'Hà Nội', '2012-12-07', 2, '0000-00-00 00:00:00', '0000-00-00 00:00:00'),
(475, 163, 'Hải Phòng', '2012-12-07', 2, '0000-00-00 00:00:00', '0000-00-00 00:00:00'),
(476, 164, 'Đà Nẵng', '2012-12-07', 2, '0000-00-00 00:00:00', '0000-00-00 00:00:00'),
(477, 165, 'Hồ Chí Minh', '2012-12-07', 2, '0000-00-00 00:00:00', '0000-00-00 00:00:00'),
(478, 166, 'Đà Nẵng', '2012-12-07', 2, '0000-00-00 00:00:00', '0000-00-00 00:00:00'),
(479, 167, 'Hồ Chí Minh', '2012-12-07', 2, '0000-00-00 00:00:00', '0000-00-00 00:00:00'),
(480, 168, 'Cần Thơ', '2012-12-07', 2, '0000-00-00 00:00:00', '0000-00-00 00:00:00'),
(481, 169, 'Hà Nội', '2012-12-07', 2, '0000-00-00 00:00:00', '0000-00-00 00:00:00'),
(482, 170, 'Hồ Chí Minh', '2012-12-07', 2, '0000-00-00 00:00:00', '0000-00-00 00:00:00'),
(483, 171, 'Hồ Chí Minh', '2012-12-07', 2, '0000-00-00 00:00:00', '0000-00-00 00:00:00'),
(484, 172, 'Hồ Chí Minh', '2012-12-07', 2, '0000-00-00 00:00:00', '0000-00-00 00:00:00'),
(485, 173, 'Đà Nẵng', '2012-12-07', 2, '0000-00-00 00:00:00', '0000-00-00 00:00:00'),
(486, 174, 'Hà Nội', '2012-12-07', 2, '0000-00-00 00:00:00', '0000-00-00 00:00:00'),
(487, 175, 'Hải Phòng', '2012-12-07', 2, '0000-00-00 00:00:00', '0000-00-00 00:00:00'),
(488, 176, 'Hải Phòng', '2012-12-07', 2, '0000-00-00 00:00:00', '0000-00-00 00:00:00'),
(489, 177, 'Hải Phòng', '2012-12-07', 2, '0000-00-00 00:00:00', '0000-00-00 00:00:00'),
(490, 178, 'Cần Thơ', '2012-12-07', 2, '0000-00-00 00:00:00', '0000-00-00 00:00:00'),
(491, 179, 'Đà Nẵng', '2012-12-07', 2, '0000-00-00 00:00:00', '0000-00-00 00:00:00'),
(492, 180, 'Đà Nẵng', '2012-12-07', 2, '0000-00-00 00:00:00', '0000-00-00 00:00:00'),
(493, 181, 'Cần Thơ', '2012-12-07', 2, '0000-00-00 00:00:00', '0000-00-00 00:00:00'),
(494, 182, 'Hồ Chí Minh', '2012-12-07', 2, '0000-00-00 00:00:00', '0000-00-00 00:00:00'),
(495, 183, 'Hồ Chí Minh', '2012-12-07', 2, '0000-00-00 00:00:00', '0000-00-00 00:00:00'),
(496, 184, 'Cần Thơ', '2012-12-07', 2, '0000-00-00 00:00:00', '0000-00-00 00:00:00'),
(497, 185, 'Hải Phòng', '2012-12-07', 2, '0000-00-00 00:00:00', '0000-00-00 00:00:00'),
(498, 186, 'Hồ Chí Minh', '2012-12-07', 2, '0000-00-00 00:00:00', '0000-00-00 00:00:00'),
(499, 187, 'Hải Phòng', '2012-12-07', 2, '0000-00-00 00:00:00', '0000-00-00 00:00:00'),
(500, 188, 'Hồ Chí Minh', '2012-12-07', 2, '0000-00-00 00:00:00', '0000-00-00 00:00:00');

-- --------------------------------------------------------

--
-- Table structure for table `status`
--

CREATE TABLE IF NOT EXISTS `status` (
  `id` int(10) unsigned NOT NULL,
  `status` varchar(255) COLLATE utf8_unicode_ci NOT NULL,
  `created_at` timestamp NOT NULL DEFAULT '0000-00-00 00:00:00',
  `updated_at` timestamp NOT NULL DEFAULT '0000-00-00 00:00:00'
) ENGINE=InnoDB DEFAULT CHARSET=utf8 COLLATE=utf8_unicode_ci;

--
-- Dumping data for table `status`
--

INSERT INTO `status` (`id`, `status`, `created_at`, `updated_at`) VALUES
(1, 'Chờ duyệt', '2016-07-17 03:00:00', '2016-07-17 03:00:00'),
(2, 'Đồng ý phỏng vấn', '2016-07-17 03:00:00', '2016-07-17 03:00:00'),
(3, 'Đã đặt lịch phỏng vấn', '2016-07-17 03:00:00', '2016-07-17 03:00:00'),
(4, 'Loại', '2016-07-17 03:00:00', '0000-00-00 00:00:00'),
(5, 'Testing', '0000-00-00 00:00:00', '0000-00-00 00:00:00'),
(6, 'Đã qua test', '2016-07-17 03:00:00', '0000-00-00 00:00:00'),
(7, 'Không qua test', '0000-00-00 00:00:00', '0000-00-00 00:00:00'),
(8, 'Đã phỏng vấn', '0000-00-00 00:00:00', '0000-00-00 00:00:00'),
(9, 'Đã đồng ý làm bài test', '0000-00-00 00:00:00', '0000-00-00 00:00:00'),
(10, 'Đã làm bài Test', '0000-00-00 00:00:00', '0000-00-00 00:00:00'),
(11, 'Đã gửi bài test', '2016-07-17 03:00:00', '0000-00-00 00:00:00'),
(12, 'Từ chối làm bài Test', '2016-07-17 03:00:00', '0000-00-00 00:00:00'),
(13, 'Đã nhận bài Test gửi về', '0000-00-00 00:00:00', '0000-00-00 00:00:00'),
(14, 'Nhận', '2016-07-17 03:00:00', '0000-00-00 00:00:00'),
(15, 'Đã gửi mail offer', '2016-07-17 03:00:00', '0000-00-00 00:00:00'),
(16, 'Đã checkin', '0000-00-00 00:00:00', '0000-00-00 00:00:00'),
(17, 'Đã checkout', '0000-00-00 00:00:00', '0000-00-00 00:00:00'),
(18, 'Đã từ chối offer', '0000-00-00 00:00:00', '0000-00-00 00:00:00'),
(19, 'Đã xác nhận offer', '0000-00-00 00:00:00', '0000-00-00 00:00:00'),
(20, 'Lưu Hồ Sơ', '0000-00-00 00:00:00', '0000-00-00 00:00:00'),
(21, 'Từ chối phỏng vấn', '0000-00-00 00:00:00', '0000-00-00 00:00:00'),
(22, 'Đã đặt lịch làm Test', '0000-00-00 00:00:00', '0000-00-00 00:00:00'),
(23, 'Waiting', '2016-07-17 03:00:00', '0000-00-00 00:00:00'),
(24, 'Đã gửi mail từ chối', '0000-00-00 00:00:00', '0000-00-00 00:00:00'),
(25, 'Không tới phỏng vấn', '2016-07-17 03:00:00', '0000-00-00 00:00:00'),
(26, 'Không check in', '0000-00-00 00:00:00', '0000-00-00 00:00:00'),
(27, 'Đã đặt lịch PV lại lần 2', '2016-07-17 03:00:00', '0000-00-00 00:00:00'),
(28, 'Từ chối pv lần 2', '2016-07-17 03:00:00', '0000-00-00 00:00:00'),
(29, 'Phỏng vấn lại', '2016-07-17 03:00:00', '0000-00-00 00:00:00'),
(30, 'Đã phỏng vấn lần 2', '0000-00-00 00:00:00', '0000-00-00 00:00:00'),
(31, 'Không tới phỏng vấn lần 2', '0000-00-00 00:00:00', '0000-00-00 00:00:00'),
(0, 'Kích hoạt CV', '0000-00-00 00:00:00', '0000-00-00 00:00:00');

-- --------------------------------------------------------

--
-- Table structure for table `users`
--

CREATE TABLE IF NOT EXISTS `users` (
  `id` int(10) unsigned NOT NULL AUTO_INCREMENT,
  `name` varchar(255) COLLATE utf8_unicode_ci NOT NULL,
  `email` varchar(255) COLLATE utf8_unicode_ci NOT NULL,
  `role` tinyint(4) NOT NULL DEFAULT '1',
  `password` varchar(60) COLLATE utf8_unicode_ci NOT NULL,
  `remember_token` varchar(100) COLLATE utf8_unicode_ci DEFAULT NULL,
  `created_at` timestamp NOT NULL DEFAULT '0000-00-00 00:00:00',
  `updated_at` timestamp NOT NULL DEFAULT '0000-00-00 00:00:00',
  `note` varchar(255) COLLATE utf8_unicode_ci NOT NULL,
  `active` tinyint(3) unsigned NOT NULL,
  `image` varchar(255) COLLATE utf8_unicode_ci DEFAULT NULL,
  PRIMARY KEY (`id`),
  UNIQUE KEY `users_email_unique` (`email`)
) ENGINE=InnoDB  DEFAULT CHARSET=utf8 COLLATE=utf8_unicode_ci AUTO_INCREMENT=74 ;

--
-- Dumping data for table `users`
--

INSERT INTO `users` (`id`, `name`, `email`, `role`, `password`, `remember_token`, `created_at`, `updated_at`, `note`, `active`, `image`) VALUES
(20, 'BuiNgoc[superadmin]', 'superadmin@123.com', 3, '$2y$10$qCKoN6tTcN0sGvU8hPWoxekpp.5/ZDwDTm4FLQzW7Q5KeQ0uMlMwq', 'w4iTMVXrVN5WcScX9kjGMdshFUVzOQCVB1gzj3IMOuX4vyPOtlYX3ndCCebz', '0000-00-00 00:00:00', '2016-07-31 02:51:55', '', 0, NULL),
(21, 'LinhDang[admin]', 'admin@123.com', 2, '$2y$10$W9RO6lmpTLi4Y0pcM82Oge3AY7ufIWsBpNqvSLxpxi7Xpffe1Pvry', 'tfCcpqEC9oLqJeKw9RdlWHuO57lln5kxK8VM9IZjAuXSZVi6T1aPSQgg6tRT', '0000-00-00 00:00:00', '2016-07-31 03:59:32', '', 0, NULL),
(22, 'Linh Dan[applicant]', 'applicant@123.com', 0, '$2y$10$rDY7j5Y/0IUlV4L42mUiMeKCVlX37djwWoZQ1uY0Zo6Bs5jslPsgq', NULL, '0000-00-00 00:00:00', '0000-00-00 00:00:00', '', 0, NULL),
(23, 'Linh Dang[visitor]', 'visitor@123.com', 1, '$2y$10$zP3DKAdPr3nXRyICDwgoIu4NGU7DXxwyTAwPRS1Ex7wPnAHql5Uw2', '7MqbZ0TibCkJ9LR1MIEKnDIMchvl47RLo5HD6Go0zBGd5AgmM0JSSxzNcCBP', '0000-00-00 00:00:00', '2016-07-31 03:34:59', '', 0, NULL),
(24, 'Sabrina Boyer', 'hmcclure@example.com', 1, '$2y$10$3t5kr11r/5ArD/E5Nqnxsu2DmhNmzr59eIfrVU1cNUIs65acKPUBW', NULL, '0000-00-00 00:00:00', '0000-00-00 00:00:00', '', 0, NULL),
(25, 'Mr. Alberto Satterfield V', 'austyn96@example.org', 1, '$2y$10$L1HdDFk10wDifGCFHQsMX.FdGwoOgbNn.rhxAaFgSM2V8WPjcKBYO', NULL, '0000-00-00 00:00:00', '0000-00-00 00:00:00', '', 0, NULL),
(26, 'Miss Brionna Harris', 'pbaumbach@example.net', 1, '$2y$10$EVFvuixAANHvhS5IVEFmgOfT82V8GwP1A4wcwar5V.NMKT.FvwEUy', NULL, '0000-00-00 00:00:00', '0000-00-00 00:00:00', '', 0, NULL),
(27, 'Prof. Evie Prohaska IV', 'leora00@example.net', 1, '$2y$10$9N6JTQTHmfq8kPmbJxYYL.9xmknwKA3QDuddH5sByvH/WC3o8Zs/6', NULL, '0000-00-00 00:00:00', '0000-00-00 00:00:00', '', 0, NULL),
(28, 'Dock Ondricka DVM', 'yeffertz@example.net', 1, '$2y$10$kW0dKUGmkSacucmIUf7kReLwLkv0jvzQHs74e39OuOYP3/PdOIJ8e', NULL, '0000-00-00 00:00:00', '0000-00-00 00:00:00', '', 0, NULL),
(29, 'Mrs. Flavie Botsford MD', 'sbarrows@example.org', 1, '$2y$10$/4oRBXHMjstmIIA5IlbL7eqWkie2.3KYm4qnrntGyuuX0RMaOv1tS', NULL, '0000-00-00 00:00:00', '0000-00-00 00:00:00', '', 0, NULL),
(30, 'Davin Wehner', 'bashirian.maia@example.org', 1, '$2y$10$jP5q7rPSM6AaYrXkABpvUuzVtq3/A4gSnbdeekkqxmUfFtUojkOTy', NULL, '0000-00-00 00:00:00', '0000-00-00 00:00:00', '', 0, NULL),
(31, 'Lorena Miller I', 'ignatius93@example.net', 1, '$2y$10$X4VaZbK2CBBEkoEzKCIkTu5UUgxVTJg5PygAiHDAw6EP6lgsRapn.', NULL, '0000-00-00 00:00:00', '0000-00-00 00:00:00', '', 0, NULL),
(32, 'Dayana Oberbrunner', 'mavis42@example.com', 1, '$2y$10$rOnu9zDHq8Woulb3cCgCz.PPbV6YDippyrv38..kNb0Lb2tNcb0Qi', NULL, '0000-00-00 00:00:00', '0000-00-00 00:00:00', '', 0, NULL),
(33, 'Mrs. Kiarra Braun IV', 'nienow.katarina@example.com', 1, '$2y$10$0GZiZ5FPE7R5be6L4A/ydu8QWw0qS1WB2YSdUXMVIyWYl8biRSu2m', NULL, '0000-00-00 00:00:00', '0000-00-00 00:00:00', '', 0, NULL),
(34, 'Mrs. Kiara Balistreri DDS', 'gabrielle.stiedemann@example.org', 1, '$2y$10$VxCgRHTV8uU3LrF7PPEqs.fMABlRCnkt39k5KASVC.P00zGQnCOj6', NULL, '0000-00-00 00:00:00', '0000-00-00 00:00:00', '', 0, NULL),
(35, 'Justine Mraz', 'alberta.sawayn@example.net', 1, '$2y$10$isDPrRjNWCJ9xxmDIUyGDObgBj5uayyNXT4Uy8BKfkA02pHYcQMa2', NULL, '0000-00-00 00:00:00', '0000-00-00 00:00:00', '', 0, NULL),
(36, 'Kayli Heidenreich', 'roger81@example.net', 1, '$2y$10$SuJ51dmckprEOmg7b42SFujsB8kkG9D0dyXZfjwAiz.3W5RqBetzW', NULL, '0000-00-00 00:00:00', '0000-00-00 00:00:00', '', 0, NULL),
(37, 'Dr. Eino O''Hara I', 'justus68@example.com', 1, '$2y$10$VTFuIOyI2mGL9d5eyylhaOy.AgRgXJSqULeUqb2V6O8cKgS4jb5US', NULL, '0000-00-00 00:00:00', '0000-00-00 00:00:00', '', 0, NULL),
(38, 'Dr. Dallas Herman', 'schroeder.kiera@example.com', 1, '$2y$10$C0NJQheOKt3M1w7Ih.ydOOIlAb8TTcivmvBWaKrx6SBiD3EWKAILG', NULL, '0000-00-00 00:00:00', '0000-00-00 00:00:00', '', 0, NULL),
(39, 'Talia Cormier', 'audie.goyette@example.org', 1, '$2y$10$g9gg56pqXgJ9QwMgSD7/leb3XOT57IHgVvHBLYhRXkxksk0ZurYQW', NULL, '0000-00-00 00:00:00', '0000-00-00 00:00:00', '', 0, NULL),
(40, 'Miss Beulah Wisoky', 'abdullah.pollich@example.org', 1, '$2y$10$YzcMd6FM/gSi/ONvjRaC0ehFduWtpoq9cPtOtRFbXBaAEAKBNniWS', NULL, '0000-00-00 00:00:00', '0000-00-00 00:00:00', '', 0, NULL),
(41, 'Imani Dietrich', 'wolff.harvey@example.org', 1, '$2y$10$m6mBj3w4D854zaa/Q/LMOO74xkw5f.PNGmOmhabO/VKqS3UDqKNVa', NULL, '0000-00-00 00:00:00', '0000-00-00 00:00:00', '', 0, NULL),
(42, 'Cruz Christiansen', 'deckow.delta@example.org', 1, '$2y$10$WCQl1Dtfc14Wte9vyBKlrutBMxcZSW/XZeq/0GjcXbRhxHUkWX2ka', NULL, '0000-00-00 00:00:00', '0000-00-00 00:00:00', '', 0, NULL),
(43, 'Bradley Turcotte Sr.', 'wwiza@example.org', 1, '$2y$10$KiyxnV93sOTE5YX2kpO4tuOsGlcxvKiAbwJsvB4Kpj/NllUy8LgLO', NULL, '0000-00-00 00:00:00', '0000-00-00 00:00:00', '', 0, NULL),
(44, 'Dr. Ryley Krajcik', 'qschaefer@example.org', 1, '$2y$10$u05Q0TDbPVlTR15oPIkiYOdwGYzSevHO.W//ug74D8Tszng1Za5z2', NULL, '0000-00-00 00:00:00', '0000-00-00 00:00:00', '', 0, NULL),
(45, 'Prof. Blaise Durgan', 'pbergstrom@example.com', 1, '$2y$10$mc0wSBF7/6MjY0wZx3qD5exhy.pLnb06pmKVlJLmtcmZAXwiWuxd2', NULL, '0000-00-00 00:00:00', '0000-00-00 00:00:00', '', 0, NULL),
(46, 'Emmanuelle Conn', 'gaetano21@example.org', 1, '$2y$10$lZbkIFsnLT2V4uDNYIInk.K6mDTICdM2EExJBpp6yVT1ZloI4KzX.', NULL, '0000-00-00 00:00:00', '0000-00-00 00:00:00', '', 0, NULL),
(47, 'Gilbert Kuvalis DDS', 'schamberger.ayana@example.net', 1, '$2y$10$KkhNfu8adn9ZiVzpcg1iJObNVlXZUYFgZJ06lrQOwms2psXEOuQQG', NULL, '0000-00-00 00:00:00', '0000-00-00 00:00:00', '', 0, NULL),
(48, 'Chaim Kunze', 'dietrich.jacynthe@example.org', 1, '$2y$10$laWhXTx0v1DX5pHA7VJO.ur00jajNhlmQgO5EuCGb/WRtNhnRSAa6', NULL, '0000-00-00 00:00:00', '0000-00-00 00:00:00', '', 0, NULL),
(49, 'Patience Runte', 'crona.toney@example.org', 0, '$2y$10$1weKY/LbNgLZpB5H1NApi.T3OwZc/oxB3KQSV44GzKP8NeZRcMC.G', NULL, '0000-00-00 00:00:00', '0000-00-00 00:00:00', '', 0, NULL),
(50, 'Mr. Hyman Wiza', 'amani.hamill@example.net', 0, '$2y$10$uaIDVHCHDXXQxwIWWHh6ueZFN3jI5F.cvt.u8yWbpsw2Mev/TNuhm', NULL, '0000-00-00 00:00:00', '0000-00-00 00:00:00', '', 0, NULL),
(51, 'Marilie Yost', 'price.terrence@example.org', 0, '$2y$10$ilVdS0AAsOdB7ZckKQygQu1yVl94CBW7y9Jiw0fnf.vZ.QCne0TxS', NULL, '0000-00-00 00:00:00', '0000-00-00 00:00:00', '', 0, NULL),
(52, 'Shyanne Koepp', 'fahey.trudie@example.org', 0, '$2y$10$HIDyVRFEdh4AKYM.lAI0GewZ4R02T0W9YYFCt6t8o0bvUYUceBr1e', NULL, '0000-00-00 00:00:00', '0000-00-00 00:00:00', '', 0, NULL),
(53, 'Dr. Leta Kshlerin I', 'rdaniel@example.net', 0, '$2y$10$s2l2mC4hExD8N/MPOLI8ueMONW/kZrbwfMfiiaQkQvjnx9OLGZAq6', NULL, '0000-00-00 00:00:00', '0000-00-00 00:00:00', '', 0, NULL),
(54, 'Zack Torp', 'virgie.koch@example.net', 0, '$2y$10$GsI2Wtc8HF6efLum/WXe7urJJJEnVsElc9E7m22LStIm0LcZruqbm', NULL, '0000-00-00 00:00:00', '0000-00-00 00:00:00', '', 0, NULL),
(55, 'Henriette Kuhic', 'ottilie.daniel@example.com', 0, '$2y$10$jY4gV8s9YMsESphpHK6qlOE/Hmpfq1IXEzYy/ZG0G5DBZUHis2cqq', NULL, '0000-00-00 00:00:00', '0000-00-00 00:00:00', '', 0, NULL),
(56, 'Prof. Queenie Cronin', 'kilback.madelynn@example.org', 0, '$2y$10$QXruXC6j4oJpGx2UpRMHWuU3OjjSJpUBHuuFE5eQG5vK9rW6DDxs6', NULL, '0000-00-00 00:00:00', '0000-00-00 00:00:00', '', 0, NULL),
(57, 'Twila Goodwin', 'kiana.marks@example.org', 0, '$2y$10$1StCCQ89a1fWmC7SoIP6QOHtXxdw7p.zs1GnPkhdKxY9DNLs.w6aS', NULL, '0000-00-00 00:00:00', '0000-00-00 00:00:00', '', 0, NULL),
(58, 'Adriel Leuschke', 'helga.legros@example.com', 0, '$2y$10$SbugoBjAwmvq2mj8cQUD7uTWtI034cTTbSEhl4AMCLSRiJv5IMiXS', NULL, '0000-00-00 00:00:00', '0000-00-00 00:00:00', '', 0, NULL),
(59, 'Seamus Purdy I', 'mstoltenberg@example.org', 0, '$2y$10$aKEV6JI9Fgm.QpYqejid7Ot8eyG8uXgDWbkMM5faGrRrtV8j6wbi2', NULL, '0000-00-00 00:00:00', '0000-00-00 00:00:00', '', 0, NULL),
(60, 'Dr. Ocie Towne', 'smith.deja@example.org', 0, '$2y$10$VEipH7mLiT7nUby/eMrcU.R/eNKsuDD.EkMikTzYn3Ay8ygZhGfCS', NULL, '0000-00-00 00:00:00', '0000-00-00 00:00:00', '', 0, NULL),
(61, 'Quinton Crist Sr.', 'ischuster@example.net', 0, '$2y$10$oLyx5y6Lhf93FRZBSH.Vgeth1BZLIxLE3k.2U6jaQHbw5p4VIyOny', NULL, '0000-00-00 00:00:00', '0000-00-00 00:00:00', '', 0, NULL),
(62, 'Evert Armstrong', 'leland.braun@example.net', 0, '$2y$10$2cHWHp4jwpuLgDk4ozM7IelqKlKHhnX7SZP/YAg4YIAsjamqR0x0i', NULL, '0000-00-00 00:00:00', '0000-00-00 00:00:00', '', 0, NULL),
(63, 'Miracle Dooley', 'tad59@example.com', 0, '$2y$10$acTvluRCUJ9ZvNzAzFvR0.XNu89IQfSVtU/8.YcymnOsb.Kl5V0Vq', NULL, '0000-00-00 00:00:00', '0000-00-00 00:00:00', '', 0, NULL),
(64, 'Jerrold Mohr I', 'dallas.heidenreich@example.net', 0, '$2y$10$aBz6EaT9L4j9tX1A0M2Lsu4cdDU.Nh4bJToGevZEhTB5TD7ICaw/6', NULL, '0000-00-00 00:00:00', '0000-00-00 00:00:00', '', 0, NULL),
(65, 'Maximillia Block', 'wunsch.melisa@example.com', 0, '$2y$10$UcBZpQ5u5C.oiB6pyhEA5Oz6wSg0DvWbx64b.fAfJDbeBl6qoxlFO', NULL, '0000-00-00 00:00:00', '0000-00-00 00:00:00', '', 0, NULL),
(66, 'Mrs. Maud Moen III', 'wwalker@example.org', 0, '$2y$10$vydB01aYu7ILmCgH0evVeep6owih7u569zF6ooQaYHYaAAc/9GmOS', NULL, '0000-00-00 00:00:00', '0000-00-00 00:00:00', '', 0, NULL),
(67, 'Percy Beatty', 'hegmann.eleanora@example.com', 0, '$2y$10$bdaA4Qr7tAx3ZjbJLvbVqO.G1x93HzkFFYhrebhwBTYW5k7oxUw.W', NULL, '0000-00-00 00:00:00', '0000-00-00 00:00:00', '', 0, NULL),
(68, 'Kiley O''Keefe', 'lrussel@example.org', 0, '$2y$10$0EoksMORfv61HbmJdLH57OWJU/aQ4T4zv7y3p08eVlc.9b2.FClse', NULL, '0000-00-00 00:00:00', '0000-00-00 00:00:00', '', 0, NULL),
(69, 'Dr. Bethel Marks', 'akub@example.net', 0, '$2y$10$E4xO/duuHqecvp8yFSGa7u3CxGc.n8s4yuVz2FbP4HzyTQ/.dp3Gq', NULL, '0000-00-00 00:00:00', '0000-00-00 00:00:00', '', 0, NULL),
(70, 'Dr. Roger Baumbach', 'kamren99@example.net', 0, '$2y$10$NkqsDS8FcGdQqID2VdYzpuK4juI7oaZaoCCEvqi7TLgINi5VzSbI.', NULL, '0000-00-00 00:00:00', '0000-00-00 00:00:00', '', 0, NULL),
(71, 'Dr. Warren Veum III', 'laisha.turcotte@example.net', 0, '$2y$10$Eq6doxGJMi/jNT.FvFALZuVmCqA4lGMQ4i24aF6IfM/whgPriHiU2', NULL, '0000-00-00 00:00:00', '0000-00-00 00:00:00', '', 0, NULL),
(72, 'Terry Pfannerstill V', 'clind@example.net', 0, '$2y$10$aGlK/qerpUMaGg33j9Yol.1t6TqnGgkoNaPtUWPY0TAQJNq1v6Cla', NULL, '0000-00-00 00:00:00', '0000-00-00 00:00:00', '', 0, NULL),
(73, 'Ms. Queenie Osinski', 'akautzer@example.net', 0, '$2y$10$NIno2dqqyqHhiYhnkpNOjOBdAEaVrONC4dPvzFdhl4zwWj33KiEZi', NULL, '0000-00-00 00:00:00', '0000-00-00 00:00:00', '', 0, NULL);

--
-- Constraints for dumped tables
--

--
-- Constraints for table `bookmarks`
--
ALTER TABLE `bookmarks`
  ADD CONSTRAINT `bookmarks_user_id_foreign` FOREIGN KEY (`user_id`) REFERENCES `users` (`id`) ON DELETE CASCADE;

--
-- Constraints for table `cvs`
--
ALTER TABLE `cvs`
  ADD CONSTRAINT `cvs_user_id_foreign` FOREIGN KEY (`user_id`) REFERENCES `users` (`id`) ON DELETE CASCADE;

--
-- Constraints for table `it_skill`
--
ALTER TABLE `it_skill`
  ADD CONSTRAINT `it_skill_cv_id_foreign` FOREIGN KEY (`cv_id`) REFERENCES `cvs` (`id`) ON DELETE CASCADE;

--
-- Constraints for table `records`
--
ALTER TABLE `records`
  ADD CONSTRAINT `records_cv_id_foreign` FOREIGN KEY (`cv_id`) REFERENCES `cvs` (`id`) ON DELETE CASCADE;

/*!40101 SET CHARACTER_SET_CLIENT=@OLD_CHARACTER_SET_CLIENT */;
/*!40101 SET CHARACTER_SET_RESULTS=@OLD_CHARACTER_SET_RESULTS */;
/*!40101 SET COLLATION_CONNECTION=@OLD_COLLATION_CONNECTION */;
